pval,outcome,bky06_qval
.00013038531,1,.001
.0069770566,2,.013
.64416653,3,.40700001
.2244495,4,.215
.17895417,5,.17900001
.31517661,6,.26699999
.10667543,7,.12
.50559086,8,.366
.56877869,9,.398
.99993587,10,.50800002
.13620766,11,.14300001
.00096640369,12,.0040000002
.027932627,13,.037999999
.4522942,14,.34200001
4.9525570e-06,15,.001
.75042623,16,.42899999
2.6398175e-07,17,.001
.01894081,18,.028999999
4.5481706e-08,19,.001
.0028419145,20,.0080000004
.0035431823,21,.0089999996
